query,database,sbjct,z_score,rmsd,ali_length,sbjct_length,seq_identity,sbjct_sequence,compressed_sbjct_dssp,description,qstarts,sstarts,lengths,rotation,translation,all_pfam
s001A,PDB,7e8lA,26.0,0.0,119,119,100,VDEKYPSKYDNIDLDEILANKRLLTAYVNCIMERGKCSPEGKELKEHLVDAIETGCSKCTEAQEKGAYKVIEHLIQNELDTWHELTDKYDSSGKWRKTYEDRARANGIVIPELEHHHHH,10L9H1L11H7L16H6L17H1L11H4L12H5L8H1L,MOLECULE: PUTATIVE CHEMOSENSORY PROTEIN CSP8;,[1],[1],[119],"[1.0, -0.0, -0.0, 0.0, 1.0, -0.0, 0.0, 0.0, 1.0]","[0.0, 0.0, 0.0]","[['PF03392', 'PF03392', 5, 97, 2.6e-24, 93]]"
s001A,PDB,1kx9A,18.6,1.6,104,108,81,YTDKYDNINLDEILANKRLLVAYVNCVMERGKCSPEGKELKEHLQDAIENGCKKCTENQEKGAYRVIEHLIKNEIEIWRELTAKYDPTGNWRKKYEDRAKAAGIVIPE,1L14H1L11H7L16H6L17H1L11H4L12H7L,MOLECULE: CHEMOSENSORY PROTEIN A6;,[9],[5],[104],"[-0.805863, -0.535421, -0.2528, 0.587023, -0.778271, -0.222931, -0.077385, -0.328051, 0.941485]","[2.738258, -1.079311, 17.410019]","[['PF03392', 'PF03392', 1, 93, 7.1e-25, 93]]"
s001A,PDB,1kx9B,18.5,1.4,100,102,80,INLDEILANKRLLVAYVNCVMERGKCSPEGKELKEHLQDAIENGCKKCTENQEKGAYRVIEHLIKNEIEIWRELTAKYDPTGNWRKKYEDRAKAAGIVIPEE,2L6H1L11H7L16H6L17H1L11H4L12H8L,MOLECULE: CHEMOSENSORY PROTEIN A6;,[13],[2],[100],"[-0.892402, -0.405756, -0.197434, 0.440108, -0.879241, -0.18232, -0.099615, -0.249596, 0.963213]","[9.777532, 30.951803, 0.72096]","[['PF03392', 'PF03392', 1, 86, 7.2e-24, 93]]"
s001A,PDB,1kx8A,18.4,1.0,98,100,80,NINLDEILANKRLLVAYVNCVMERGKCSPEGKELKEHLQDAIENGCKKCTENQEKGAYRVIEHLIKNEIEIWRELTAKYDPTGNWRKKYEDRAKAAGIVI,4L5H1L11H7L16H6L17H1L11H6L10H5L,MOLECULE: CHEMOSENSORY PROTEIN A6;,[13],[3],[98],"[0.847336, -0.113285, 0.518833, 0.411563, -0.477348, -0.776373, 0.335615, 0.871381, -0.35785]","[-72.346947, 29.258423, -15.913952]","[['PF03392', 'PF03392', 1, 87, 2.3e-20, 93]]"
s001A,PDB,9j00B,13.7,2.0,98,107,41,YTTKYDGIDLDEILKSDRLFNNYFKCLMDEGRCTPDGNELKKILPEALQTNCAKCSEKQRSGAIKVINYVIENRKEQWDALQKKYDPENLYVEKYREEAQKEGIKLE,3L2E2L2E6H1L11H7L16H6L17H1L11H4L5H1L6H6L,MOLECULE: CHEMOSENSORY PROTEIN 3;,[10 14],[ 2 10],[ 4 94],"[-0.714064, -0.18797, 0.674374, 0.263595, -0.964579, 0.010249, 0.64856, 0.18508, 0.738319]","[4.939771, -21.894903, 15.809484]","[['PF03392', 'PF03392', 1, 93, 1.5e-33, 93]]"
s001A,PDB,9iw4A,13.7,1.9,94,98,41,TTKYDGIDLDEILKSDRLFNNYFKCLMDEGRCTPDGNELKKILPEALQTNCAKCSEKQRSGAIKVINYVIENRKEQWDALQKKYDPENLYVEKYREEA,2L2E2L2E6H1L11H7L16H6L17H1L11H4L5H5L,MOLECULE: CHEMOSENSORY PROTEIN 3;,[10 14],[1 9],[ 4 90],"[0.057623, 0.123455, 0.990676, -0.202276, 0.973187, -0.10951, -0.977632, -0.194079, 0.08105]","[-19.495399, -14.973465, 38.993969]","[['PF03392', 'PF03392', 1, 92, 1.5e-28, 93]]"
s001A,PDB,8xktA,13.7,1.9,90,93,44,NIDEIIENRKLLVPYIKCTLDQGRCTPEGRELKAHIKDAMQTSCSKCTEKQKKGARKVVRHIRAKEQEYWKQILAKYDPEDQYKENYETFLAA,1L6H1L11H7L15H7L17H1L11H6L8H2L,MOLECULE: CHEMOSENSORY PROTEIN;,[13 91 95],[ 1 81 86],[78  4  8],"[-0.30839, -0.263333, -0.914085, 0.898517, -0.396158, -0.189011, -0.312349, -0.87961, 0.358781]","[11.566973, -9.688654, 14.995696]","[['PF03392', 'PF03392', 1, 85, 1.4e-20, 93]]"
s001A,PDB,9j00A,13.6,2.2,92,94,42,TKYDGIDLDEILKSDRLFNNYFKCLMDEGRCTPDGNELKKILPEALQTNCAKCSEKQRSGAIKVINYVIENRKEQWDALQKKYDPENLYVEKYR,1L2E2L2E6H1L11H7L16H6L17H1L11H4L5H2L,MOLECULE: CHEMOSENSORY PROTEIN 3;,[ 9 13],[1 7],[ 4 88],"[0.798419, -0.147055, -0.583868, -0.274855, -0.9518, -0.136131, -0.535707, 0.269169, -0.800354]","[-7.100458, 5.479, 40.081371]","[['PF03392', 'PF03392', 1, 91, 3.3e-28, 93]]"
s001A,PDB,9iw6B,13.4,2.0,90,92,42,TKYDGIDLDEILKSDRLFNNYFKCLMDEGRCTPDGNELKKILPEALQTNCAKCSEKQRSGAIKVINYVIENRKEQWDALQKKYDPENLYVEK,1L2E2L2E6H1L11H7L16H6L17H1L11H4L4H1L,MOLECULE: CHEMOSENSORY PROTEIN 3;,[ 9 13],[1 7],[ 4 86],"[0.175549, -0.587746, -0.78977, 0.943661, -0.128121, 0.305104, -0.28051, -0.798836, 0.532142]","[25.131205, 6.617784, 33.672447]","[['PF03392', 'PF03392', 1, 91, 2.9e-32, 93]]"
s001A,PDB,9iw7A,13.3,2.4,94,97,41,VTKYDNIDLEEIFNSKRLMDNYMNCLKDVGPCTPDGRELKDNLPDALMSDCAKCSEKQRIGSDKVIKFIITNRPDDFAILEQLYDPTGEYRRKYMQS,2L2E2L2E6H1L11H7L15H7L17H1L11H4L5H4L,MOLECULE: CHEMOSENSORY PROTEINS 3;,[ 8 12],[1 7],[ 4 90],"[0.054709, -0.749145, -0.660143, 0.950859, 0.240873, -0.194545, 0.304753, -0.61706, 0.725509]","[19.809742, -14.724567, 16.605434]","[['PF03392', 'PF03392', 1, 92, 2.9e-23, 93]]"
s001A,PDB,9j01A,13.3,2.2,92,94,46,TKYDGIDLDEILKSDRLFNNYFKCLMDEGRCTPDGNELKKILPEALQTNCAKCSEKQRSGAIKVINYVIENRKEQWDALQKKYDPENLYVEKYR,1L2E2L2E5H2L11H7L16H6L17H1L11H4L5H2L,MOLECULE: CHEMOSENSORY PROTEIN 3;,[9],[3],[92],"[-0.539978, -0.127197, 0.832012, 0.221387, -0.975171, -0.005403, 0.812042, 0.181279, 0.554731]","[1.651807, 0.305889, 26.412273]","[['PF03392', 'PF03392', 1, 91, 3.3e-28, 93]]"
s001A,PDB,9j00C,13.2,2.2,96,101,41,YTTKYDGIDLDEILKSDRLFNNYFKCLMDEGRCTPDGNELKKILPEALQTNCAKCSEKQRSGAIKVINYVIENRKEQWDALQKKYDPENLYVEKYREEAQK,3L2E2L2E6H1L11H7L16H6L17H1L11H4L5H1L5H1L,MOLECULE: CHEMOSENSORY PROTEIN 3;,[10 14],[ 2 10],[ 4 92],"[-0.29675, -0.149172, 0.943232, 0.308408, -0.949767, -0.053177, 0.903783, 0.27512, 0.327849]","[-22.436728, -32.019283, -29.434072]","[['PF03392', 'PF03392', 1, 93, 1.1e-28, 93]]"
s001A,PDB,1n8vA,12.9,2.0,96,101,76,KYTDKYDNINLDEILANKRLLVAYVNCVMERGKCSPEGKELKEHLQDAIENGCKKCTENQEKGAYRVIEHLIKNEIEIWRELTAKYDPTGNWRKKYEDRAK,10L5H2L11H7L16H6L17H1L11H6L8H1L,MOLECULE: CHEMOSENSORY PROTEIN;,[ 8 14],[ 6 11],[ 5 91],"[0.498144, 0.737513, -0.45599, -0.749307, 0.630779, 0.201638, 0.436339, 0.241231, 0.866842]","[-16.24238, -10.782241, -15.890553]","[['PF03392', 'PF03392', 2, 94, 5.6e-25, 93]]"
s001A,PDB,1n8vB,12.9,2.0,96,103,76,EDKYTDKYDNINLDEILANKRLLVAYVNCVMERGKCSPEGKELKEHLQDAIENGCKKCTENQEKGAYRVIEHLIKNEIEIWRELTAKYDPTGNWRKKYEDRAK,12L6H1L11H7L16H6L17H1L11H6L8H1L,MOLECULE: CHEMOSENSORY PROTEIN;,[ 8 13],[ 8 12],[ 4 92],"[-0.499731, 0.683189, 0.532468, 0.746349, 0.651599, -0.13558, -0.439582, 0.329654, -0.835521]","[-21.493492, -17.452095, 11.397317]","[['PF03392', 'PF03392', 4, 96, 5.9e-29, 93]]"
s001A,PDB,1n8uA,12.7,2.0,95,100,77,KYTDKYDNINLDEILANKRLLVAYVNCVMERGKCSPEGKELKEHLQDAIENGCKKCTENQEKGAYRVIEHLIKNEIEIWRELTAKYDPTGNWRKKYEDRA,10L6H1L11H7L16H6L17H1L11H6L7H1L,MOLECULE: CHEMOSENSORY PROTEIN;,[ 8 13],[ 6 10],[ 4 91],"[-0.224645, 0.708509, -0.668991, -0.192716, 0.640675, 0.743234, 0.955194, 0.295889, -0.007383]","[0.64946, 3.6679, 5.668121]","[['PF03392', 'PF03392', 2, 94, 5.5e-25, 93]]"
s001A,PDB,9iw8A,12.7,2.6,94,96,41,VTKYDNIDLEEIFNSKRLMDNYMNCLKDVGPCTPDGRELKDNLPDALMSDCAKCSEKQRIGSDKVIKFIITNRPDDFAILEQLYDPTGEYRRKYMQ,2L2E2L2E5H2L11H7L16H6L17H1L11H4L6H2L,MOLECULE: CHEMOSENSORY PROTEINS 3 FROM ANOPHELES CULICIFACI,[ 8 12],[1 7],[ 4 90],"[0.300099, -0.577189, -0.75947, -0.509074, 0.576406, -0.639219, 0.806712, 0.578455, -0.120853]","[-29.373583, -4.37997, 34.41626]","[['PF03392', 'PF03392', 1, 92, 2.8e-23, 93]]"
s001A,PDB,9iw6A,12.7,1.8,90,99,42,MQEQYTTKYDGIDLDEILKSDRLFNNYFKCLMDEGRCTPDGNELKKILPEALQTNCAKCSEKQRSGAIKVINYVIENRKEQWDALQKKYDPENLYVEKY,7L2E2L2E6H1L11H7L16H6L17H1L11H4L5H1L,MOLECULE: CHEMOSENSORY PROTEIN 3;,[10 14],[ 6 14],[ 4 86],"[0.169034, 0.693854, 0.699996, 0.962594, 0.036369, -0.268496, -0.211755, 0.719197, -0.661752]","[-23.447599, -6.948325, 23.775568]","[['PF03392', 'PF03392', 5, 97, 1.2e-29, 93]]"
s001A,PDB,9iw5A,12.6,1.8,90,99,42,QEQYTTKYDGIDLDEILKSDRLFNNYFKCLMDEGRCTPDGNELKKILPEALQTNCAKCSEKQRSGAIKVINYVIENRKEQWDALQKKYDPENLYVEKYR,6L2E2L2E6H1L11H7L15H7L17H1L11H4L6H1L,MOLECULE: CHEMOSENSORY PROTEIN 3;,[10 14],[ 5 13],[ 4 86],"[0.153417, 0.7426, -0.651927, 0.957193, -0.27555, -0.088619, -0.245447, -0.610424, -0.753085]","[-12.229291, -13.914278, 40.502342]","[['PF03392', 'PF03392', 4, 96, 1.2e-29, 93]]"
s001A,PDB,2gvsA,10.1,3.0,95,109,45,EEKYTTKYDNVNLDEILANDRLLNKYVQCLLEDDESNCTADGKELKSVIPDALSNECAKCNEKQKEGTKKVLKHLINHKPDVWAQLKAKYDPDGTYSKKYEDREKELHQ,12L6H1L12H10L7H2L4H7L17H1L11H7L4H8L,MOLECULE: CHEMOSENSORY PROTEIN CSP-SG4;,[ 12  32  36 108],[ 11  30  37 103],[19  4 66  6],"[-0.967249, -0.184874, -0.17393, 0.000733, 0.683181, -0.730249, 0.25383, -0.70646, -0.66067]","[-5.856874, 3.503633, 20.336525]","[['PF03392', 'PF03392', 4, 98, 8.6e-27, 93]]"
s001A,PDB,2jntA,8.0,3.1,99,108,52,YTDKYDKINLQEILENKRLLESYMDCVLGKGKCTPEGKELKDHLQEALETGCEKCTEAQEKGAETSIDYLIKNELEIWKELTAHFDPDGKWRKKYEDRAKAKGIVIPE,10L4H2L11H7L14H8L16H2L11H6L11H6L,MOLECULE: CHEMOSENSORY PROTEIN CSP1;,[13 39 59],[ 9 36 55],[26 19 54],"[-0.172419, 0.906136, 0.38625, 0.515063, 0.417181, -0.748779, -0.839632, 0.069839, -0.538647]","[-6.057682, 3.923388, 19.149319]","[['PF03392', 'PF03392', 1, 93, 2.2e-24, 93]]"
s001A,PDB,1k19A,7.1,3.4,90,112,64,EDKYTDKYDNINLDEILANKRLLVAYVNCVMERGKCSPEGKELKEHLQDAIENGCKKCTENQEKGAYRVIEHLIKNEIEIWRELTAKYDPTGNWRKKYEDRAKAAGIVIPEE,12L5H2L11H6L14H10L17H2L7H8L11H7L,MOLECULE: CHEMOSENSORY PROTEIN CSP2;,[ 13  35  41  54  60  81  88 107],[ 12  36  40  52  59  79  87 105],[22  4 10  5 20  7 18  4],"[-0.349568, -0.893476, -0.281962, 0.923158, -0.277094, -0.266454, 0.15994, -0.353439, 0.921683]","[-5.383733, 3.318511, 18.479452]","[['PF03392', 'PF03392', 4, 96, 8e-25, 93]]"
