description_foldseek,target_foldseek,score_foldseek,prob_foldseek,evalue_foldseek,target_tmalign,score_tmalign,prob_tmalign,evalue_tmalign
RAS guanyl-releasing protein 1,AF-O95267-4-F1-model_v6,36.0,0.15,2.74,AF-O95267-4-F1-model_v6,45.0,0.33,0.305
RAS guanyl-releasing protein 1,AF-O95267-F1-model_v6,32.0,0.11,4.92,AF-O95267-4-F1-model_v6,45.0,0.33,0.305
Crystal structure of the CBC-importin alpha complex.,3fex-assembly3_C,26.0,0.06,4.16,3fex-assembly3_C,52.0,0.54,0.356
Structural evidence for feedback activation by RasGTP of the Ras-specific nucleotide exchange factor SOS,1nvx-assembly1_S,26.0,0.06,5.15,1nvx-assembly1_S,47.0,0.38,0.324
Crystal structure of ZYG11B bound to GGFN degron,7ep2-assembly2_D,25.0,0.06,6.71,7ep2-assembly2_D,50.0,0.47,0.383
GGA3 VHS domain complexed with C-terminal peptide from cation-dependent Mannose 6-phosphate receptor,1juq-assembly5_A,24.0,0.05,6.71,1juq-assembly5_A,48.0,0.41,0.45
GGA3 VHS domain complexed with C-terminal peptide from cation-dependent Mannose 6-phosphate receptor,1juq-assembly5_A,24.0,0.05,6.71,1juq-assembly6_A,48.0,0.41,0.45
GGA3 VHS domain complexed with C-terminal peptide from cation-dependent Mannose 6-phosphate receptor,1juq-assembly6_A,24.0,0.05,6.71,1juq-assembly5_A,48.0,0.41,0.45
GGA3 VHS domain complexed with C-terminal peptide from cation-dependent Mannose 6-phosphate receptor,1juq-assembly6_A,24.0,0.05,6.71,1juq-assembly6_A,48.0,0.41,0.45
Crystal structure of a DNA repair complex ASCC3-ASCC2,6yxq-assembly1_A,24.0,0.05,5.43,6yxq-assembly1_A,37.0,0.16,0.315
Crystal structure of human Karyopherin-beta2 bound to the histone H3 tail,5j3v-assembly1_A,24.0,0.05,5.72,5j3v-assembly1_A,51.0,0.51,0.307
X-ray structure of first four repeats of human beta-catenin,3sla-assembly3_C,22.0,0.04,9.74,3sla-assembly3_C,45.0,0.33,0.422
